,0
0,img/GP_0.png
1,img/GP_1.png
2,img/GP_2.png
3,img/GP_3.png
4,img/GP_4.png
5,img/GP_5.png
6,img/GP_6.png
7,img/GP_7.png
8,img/GP_8.png
9,img/GP_9.png
10,img/GP_10.png
11,img/GP_11.png
12,img/GP_12.png
13,img/GP_13.png
14,img/GP_14.png
15,img/GP_15.png
16,img/GP_16.png
17,img/GP_17.png
18,img/GP_18.png
19,img/GP_19.png
20,img/GP_20.png
21,img/GP_21.png
22,img/GP_22.png
23,img/GP_23.png
24,img/GP_24.png
25,img/GP_25.png
26,img/GP_26.png
27,img/GP_27.png
28,img/GP_28.png
29,img/GP_29.png
30,img/GP_30.png
31,img/GP_31.png
32,img/GP_32.png
33,img/GP_33.png
34,img/GP_34.png
35,img/GP_35.png
36,img/GP_36.png
37,img/GP_37.png
38,img/GP_38.png
39,img/GP_39.png
40,img/GP_40.png
41,img/GP_41.png
42,img/GP_42.png
43,img/GP_43.png
44,img/GP_44.png
45,img/GP_45.png
46,img/GP_46.png
47,img/GP_47.png
48,img/GP_48.png
49,img/GP_49.png
50,img/GP_50.png
51,img/GP_51.png
52,img/GP_52.png
53,img/GP_53.png
54,img/GP_54.png
55,img/GP_55.png
56,img/GP_56.png
57,img/GP_57.png
58,img/GP_58.png
59,img/GP_59.png
60,img/GP_60.png
61,img/GP_61.png
62,img/GP_62.png
63,img/GP_63.png
64,img/GP_64.png
65,img/GP_65.png
66,img/GP_66.png
67,img/GP_67.png
68,img/GP_68.png
69,img/GP_69.png
70,img/GP_70.png
71,img/GP_71.png
72,img/GP_72.png
73,img/GP_73.png
74,img/GP_74.png
75,img/GP_75.png
76,img/GP_76.png
77,img/GP_77.png
78,img/GP_78.png
79,img/GP_79.png
80,img/GP_80.png
81,img/GP_81.png
82,img/GP_82.png
83,img/GP_83.png
84,img/GP_84.png
85,img/GP_85.png
86,img/GP_86.png
87,img/GP_87.png
88,img/GP_88.png
89,img/GP_89.png
90,img/GP_90.png
91,img/GP_91.png
92,img/GP_92.png
93,img/GP_93.png
94,img/GP_94.png
95,img/GP_95.png
96,img/GP_96.png
97,img/GP_97.png
98,img/GP_98.png
99,img/GP_99.png
100,img/GP_100.png
101,img/GP_101.png
102,img/GP_102.png
103,img/GP_103.png
104,img/GP_104.png
105,img/GP_105.png
106,img/GP_106.png
107,img/GP_107.png
108,img/GP_108.png
109,img/GP_109.png
110,img/GP_110.png
111,img/GP_111.png
112,img/GP_112.png
113,img/GP_113.png
114,img/GP_114.png
115,img/GP_115.png
116,img/GP_116.png
117,img/GP_117.png
118,img/GP_118.png
119,img/GP_119.png
120,img/GP_120.png
121,img/GP_121.png
122,img/GP_122.png
123,img/GP_123.png
124,img/GP_124.png
125,img/GP_125.png
126,img/GP_126.png
127,img/GP_127.png
128,img/GP_128.png
129,img/GP_129.png
130,img/GP_130.png
131,img/GP_131.png
132,img/GP_132.png
133,img/GP_133.png
134,img/GP_134.png
135,img/GP_135.png
136,img/GP_136.png
137,img/GP_137.png
138,img/GP_138.png
139,img/GP_139.png
140,img/GP_140.png
141,img/GP_141.png
142,img/GP_142.png
143,img/GP_143.png
144,img/GP_144.png
145,img/GP_145.png
146,img/GP_146.png
147,img/GP_147.png
148,img/GP_148.png
149,img/GP_149.png
150,img/GP_150.png
151,img/GP_151.png
152,img/GP_152.png
153,img/GP_153.png
154,img/GP_154.png
155,img/GP_155.png
156,img/GP_156.png
157,img/GP_157.png
158,img/GP_158.png
159,img/GP_159.png
160,img/GP_160.png
161,img/GP_161.png
162,img/GP_162.png
163,img/GP_163.png
164,img/GP_164.png
165,img/GP_165.png
166,img/GP_166.png
167,img/GP_167.png
168,img/GP_168.png
169,img/GP_169.png
170,img/GP_170.png
171,img/GP_171.png
172,img/GP_172.png
173,img/GP_173.png
174,img/GP_174.png
175,img/GP_175.png
176,img/GP_176.png
177,img/GP_177.png
178,img/GP_178.png
179,img/GP_179.png
